Customer ID,Recency,Frequency,Monetary,Cluster_KMeans
AA-10315,8.0,19,13747.413,1
AA-10375,6.0,23,5884.195,1
AA-10480,125.0,20,17695.58978,1
AA-10645,37.0,36,15343.8907,1
AA-315,2.0,7,2243.256,2
AA-375,253.0,8,654.492,2
AA-480,314.0,5,2063.493,2
AA-645,439.0,11,1968.324,0
AB-10015,16.0,32,20037.4975,1
AB-10060,42.0,32,18416.5504,1
AB-10105,32.0,33,22966.78,1
AB-10150,35.0,24,13057.294600000001,1
AB-10165,13.0,29,11649.265,1
AB-10255,5.0,31,10786.7164,1
AB-105,43.0,7,2156.4,2
AB-10600,314.0,22,13318.6631,1
AB-15,412.0,5,4607.13,0
AB-150,398.0,4,3143.88,0
AB-165,16.0,6,1399.776,2
AB-255,43.0,8,4679.502,2
AB-60,35.0,9,1770.2279999999998,2
AB-600,7.0,5,5408.55,2
AC-10420,6.0,24,10607.6947,1
AC-10450,5.0,19,16126.3904,1
AC-10615,6.0,29,12729.72448,1
AC-10660,2.0,21,6255.61908,1
AC-420,13.0,9,1689.675,2
AC-450,336.0,7,1026.597,2
AC-615,92.0,7,2298.432,2
AC-660,376.0,4,2676.09,0
AD-10180,47.0,27,17858.5048,1
AD-180,5.0,3,681.288,2
AF-10870,6.0,36,26487.2585,1
AF-10885,76.0,35,19711.16728,1
AF-870,5.0,9,1700.082,2
AF-885,167.0,2,354.99,2
AG-10270,40.0,25,10637.40422,1
AG-10300,2.0,24,13013.8762,1
AG-10330,8.0,29,14534.50618,1
AG-10390,189.0,19,8453.0096,1
AG-10495,78.0,29,15380.31006,1
AG-10525,12.0,20,8468.963,1
AG-10675,47.0,21,13023.836000000001,1
AG-10765,77.0,27,9824.7795,1
AG-10900,96.0,29,18174.17176,1
AG-270,13.0,8,2779.806,2
AG-300,98.0,6,1703.31,2
AG-330,2.0,7,532.545,2
AG-495,48.0,11,1003.9920000000001,2
AG-525,15.0,7,2870.676,2
AG-675,293.0,10,2368.131,2
AG-765,160.0,8,1859.5320000000002,2
AG-900,196.0,4,1699.47,2
AH-10030,12.0,27,14439.49784,1
AH-10075,2.0,34,18109.86142,1
AH-10120,135.0,22,9927.83588,1
AH-10195,92.0,25,12628.19178,1
AH-10210,6.0,34,20365.74018,1
AH-10465,70.0,20,8547.83068,1
AH-10585,187.0,22,9125.8911,1
AH-10690,97.0,31,16276.16112,1
AH-120,870.0,4,1478.0819999999999,0
AH-195,278.0,9,2651.565,2
AH-210,457.0,4,3277.11,0
AH-30,468.0,7,6320.0160000000005,0
AH-465,798.0,4,650.826,0
AH-585,75.0,9,2232.222,2
AH-75,37.0,8,3608.34,2
AI-10855,13.0,22,8358.6023,1
AI-855,560.0,4,919.974,0
AJ-10780,48.0,25,15186.0672,1
AJ-10795,62.0,22,8887.077,1
AJ-10945,79.0,29,11087.024,1
AJ-10960,48.0,17,8633.59348,1
AJ-780,1.0,12,2570.994,2
AJ-795,36.0,10,3395.58,2
AJ-945,104.0,7,4860.924,2
AJ-960,411.0,10,4629.156,0
AM-10360,15.0,33,16730.3296,1
AM-10705,72.0,30,24218.5645,1
AM-360,190.0,6,2035.827,2
AM-705,136.0,6,1303.77,2
AO-10810,36.0,27,14537.7966,1
AO-810,7.0,5,485.007,2
AP-10720,41.0,20,15362.0613,1
AP-10915,76.0,32,15877.8603,1
AP-720,37.0,6,999.699,2
AP-915,92.0,5,2668.08,2
AR-10345,68.0,26,14165.796199999999,1
AR-10405,125.0,22,8956.82078,1
AR-10510,14.0,29,14277.88536,1
AR-10540,6.0,15,7983.9505,2
AR-10570,2.0,18,9445.64932,1
AR-10825,79.0,38,15311.035600000001,1
AR-345,223.0,9,2301.072,2
AR-405,222.0,6,571.11,2
AR-510,104.0,10,2638.638,2
AR-540,221.0,8,561.6,2
AR-570,70.0,9,2044.278,2
AR-825,33.0,7,2028.9119999999998,2
AS-10045,76.0,28,12596.2944,1
AS-10090,15.0,32,15009.47272,1
AS-10135,41.0,19,7307.2442,1
AS-10225,12.0,28,21366.8987,1
AS-10240,12.0,31,9006.66636,1
AS-10285,18.0,30,16179.86246,1
AS-10630,35.0,19,9815.9395,1
AS-135,92.0,5,3978.81,2
AS-225,2.0,7,469.515,2
AS-240,498.0,5,1686.51,0
AS-285,99.0,13,4938.4619999999995,2
AS-45,776.0,3,1616.334,0
AS-630,33.0,11,2000.01,2
AT-10435,12.0,24,13654.3055,1
AT-10735,2.0,29,12984.1049,1
AT-435,257.0,12,1287.993,2
AT-735,69.0,5,403.65000000000003,2
AW-10840,16.0,25,13200.25552,1
AW-10930,35.0,22,10230.95856,1
AW-840,97.0,7,1947.0,2
AW-930,37.0,6,782.0550000000001,2
AY-10555,14.0,16,5446.61044,2
AY-555,35.0,11,3096.42,2
AZ-10750,70.0,18,9639.801,1
AZ-750,128.0,10,2231.277,2
BB-10990,14.0,30,9064.5327,1
BB-11545,33.0,26,15797.57188,1
BB-1545,153.0,5,207.228,2
BB-990,78.0,7,822.288,2
BC-11125,33.0,28,14789.447,1
BC-1125,131.0,6,396.042,2
BD-11320,5.0,32,13390.267,1
BD-11500,35.0,27,13089.8495,1
BD-11560,7.0,19,9356.77974,1
BD-11605,97.0,19,9202.66214,1
BD-11620,69.0,25,7849.0000199999995,1
BD-11635,9.0,25,11230.6983,1
BD-11725,4.0,30,10877.827,1
BD-11770,35.0,26,10168.32526,1
BD-1320,5.0,6,1885.05,2
BD-1500,398.0,3,52.047,0
BD-1560,187.0,5,1564.02,2
BD-1605,275.0,5,689.64,2
BD-1620,216.0,11,2919.597,2
BD-1635,398.0,9,5689.263,0
BD-1725,100.0,13,5078.400000000001,2
BD-1770,919.0,5,3405.066,0
BE-11335,35.0,37,27158.0184,1
BE-11410,98.0,30,16552.06996,1
BE-11455,3.0,27,17643.5253,1
BE-1335,649.0,5,1321.1490000000001,0
BE-1410,64.0,7,1859.859,2
BF-1005,734.0,2,732.033,0
BF-1020,96.0,7,3006.996,2
BF-1080,673.0,6,3808.17,0
BF-10975,35.0,22,8104.7792,1
BF-11005,8.0,25,23347.83866,1
BF-11020,15.0,24,10201.2813,1
BF-11080,72.0,21,10134.5617,1
BF-11170,16.0,31,22314.84044,1
BF-11215,65.0,27,12968.9385,1
BF-11275,6.0,23,9578.59864,1
BF-1170,193.0,6,904.9200000000001,2
BF-1215,405.0,5,398.91900000000004,0
BF-1275,128.0,7,1009.9739999999999,2
BF-975,286.0,8,1730.232,2
BG-11035,135.0,33,19899.1474,1
BG-11695,9.0,19,10723.32038,1
BG-11740,6.0,24,14689.342499999999,1
BG-1695,44.0,5,488.84999999999997,2
BG-1740,16.0,4,692.454,2
BH-11710,65.0,31,23537.335,1
BH-1710,93.0,10,4583.286,2
BK-11260,47.0,27,13294.68736,1
BK-1260,40.0,6,291.564,2
BM-11140,8.0,29,25312.2927,1
BM-1140,13.0,6,1857.69,2
BM-11575,34.0,25,10351.33308,1
BM-11650,33.0,24,14920.99608,1
BM-11785,2.0,36,18446.8529,1
BM-1575,40.0,9,1703.982,2
BM-1650,855.0,8,2537.1059999999998,0
BM-1785,48.0,9,2244.342,2
BN-11470,11.0,29,23378.10388,1
BN-11515,9.0,23,10272.22552,1
BN-1470,223.0,7,2823.852,2
BN-1515,99.0,8,2606.8019999999997,2
BO-11350,137.0,20,7476.2546999999995,1
BO-11425,5.0,21,12356.58552,1
BO-1350,493.0,6,616.236,0
BO-1425,1.0,8,2671.257,2
BP-1050,11.0,9,4981.542,2
BP-1095,11.0,6,1759.668,2
BP-11050,5.0,21,5403.78676,1
BP-11095,2.0,32,8327.8696,1
BP-11155,32.0,24,13696.143460000001,1
BP-11185,1.0,28,15376.031719999999,1
BP-11230,39.0,23,12573.6136,1
BP-11290,12.0,29,12448.89978,1
BP-1155,261.0,6,1110.78,2
BP-1185,4.0,10,1430.616,2
BP-1230,748.0,8,6134.988,0
BP-1290,369.0,4,383.34000000000003,0
BS-11365,0.0,26,22551.02596,1
BS-11380,44.0,23,18305.9783,1
BS-11590,35.0,23,11358.58602,1
BS-11665,36.0,24,17468.881,1
BS-11755,1.0,29,17557.4595,1
BS-11800,9.0,21,10887.2118,1
BS-1365,37.0,5,957.63,2
BS-1380,131.0,5,469.458,2
BS-1590,617.0,5,819.4499999999999,0
BS-1665,562.0,7,5101.907999999999,0
BS-1755,551.0,5,1679.76,0
BS-1800,11.0,9,6364.854,2
BT-11305,93.0,24,10321.82,1
BT-11395,97.0,24,11347.529,1
BT-11440,317.0,21,8263.9755,1
BT-11485,78.0,29,8878.05054,1
BT-11530,33.0,25,13808.318,1
BT-11680,18.0,22,14087.7631,1
BT-1305,31.0,10,1305.96,2
BT-1395,33.0,4,448.848,2
BT-1440,93.0,10,2132.565,2
BT-1485,97.0,9,2803.974,2
BT-1530,352.0,7,1535.781,2
BT-1680,1105.0,4,807.36,0
BV-11245,44.0,22,20681.678,1
BV-1245,128.0,3,684.264,2
BW-1065,187.0,5,9027.48,2
BW-11065,406.0,18,8409.0559,0
BW-1110,184.0,10,1696.83,2
BW-11110,157.0,35,30613.6165,1
BW-11200,40.0,29,11862.36908,1
BW-1200,133.0,4,3105.816,2
CA-11965,18.0,26,21110.5214,1
CA-12055,13.0,22,10691.028,1
CA-12265,34.0,31,18472.6689,1
CA-12310,13.0,21,7166.23086,1
CA-12775,93.0,26,18350.464,1
CA-1965,127.0,8,2883.141,2
CA-2055,258.0,3,1601.73,2
CA-2265,105.0,7,3364.638,2
CA-2310,336.0,5,636.0600000000001,2
CA-2775,309.0,4,1485.897,2
CB-12025,9.0,25,11685.3186,1
CB-12415,36.0,23,12705.54736,1
CB-12535,42.0,27,18108.67284,1
CB-2025,163.0,5,1840.8899999999999,2
CB-2415,1406.0,4,1232.568,0
CB-2535,7.0,2,147.12,2
CC-12100,124.0,25,11500.12324,1
CC-12145,106.0,24,12190.6666,1
CC-12220,44.0,32,7308.7328,1
CC-12370,43.0,30,28229.8514,1
CC-12430,0.0,29,13997.592560000001,1
CC-12475,16.0,30,17159.80046,1
CC-12550,193.0,25,7908.65034,1
CC-12610,16.0,29,16822.64,1
CC-12670,16.0,28,9969.0279,1
CC-12685,154.0,20,12798.5442,1
CC-2145,504.0,6,1158.18,0
CC-2220,134.0,12,4174.182,2
CC-2370,6.0,9,6957.225,2
CC-2430,471.0,2,1041.57,0
CC-2475,345.0,7,3709.881,2
CC-2550,1218.0,5,1433.3999999999999,0
CC-2610,344.0,3,782.3879999999999,2
CC-2670,261.0,6,1527.5819999999999,2
CC-2685,131.0,5,4019.4120000000003,2
CD-11920,2.0,27,18296.7474,1
CD-11980,1.0,23,11848.16246,1
CD-12280,41.0,24,16779.54838,1
CD-12790,76.0,25,13468.1145,1
CD-1920,314.0,4,1821.219,2
CD-1980,6.0,7,1380.228,2
CD-2280,12.0,7,1205.04,2
CD-2790,131.0,7,1030.788,2
CG-12040,38.0,19,3596.268,2
CG-12520,96.0,18,13545.47002,1
CG-2040,378.0,5,518.94,0
CG-2520,215.0,7,1116.204,2
CH-12070,131.0,21,11122.55656,1
CH-2070,306.0,8,4545.6179999999995,2
CJ-11875,13.0,23,12538.83296,1
CJ-12010,33.0,26,19356.0046,1
CJ-1875,32.0,6,1431.432,2
CJ-2010,46.0,3,223.56,2
CK-12205,4.0,38,13625.20784,1
CK-12325,61.0,27,9927.89832,1
CK-12595,43.0,33,16480.86618,1
CK-12760,169.0,26,6574.8044,1
CK-2205,79.0,5,950.697,2
CK-2325,0.0,8,3125.295,2
CK-2595,215.0,3,662.28,2
CK-2760,37.0,12,4015.95,2
CL-11890,13.0,31,17622.41136,1
CL-12565,5.0,30,17008.13588,1
CL-12700,8.0,31,17943.6508,1
CL-1890,92.0,9,560.745,2
CL-2565,42.0,6,2775.636,2
CL-2700,191.0,4,1432.374,2
CM-11815,40.0,23,14362.8004,1
CM-11830,6.0,24,16828.819,1
CM-11935,36.0,18,9689.0124,1
CM-12115,8.0,20,14657.9493,1
CM-12160,70.0,26,17910.03942,1
CM-12190,0.0,25,11375.05222,1
CM-12235,42.0,22,11377.591,1
CM-12385,37.0,25,21882.96992,1
CM-12445,15.0,25,11971.70808,1
CM-12655,184.0,18,14188.72268,1
CM-12715,41.0,19,8392.5789,1
CM-1815,61.0,5,431.874,2
CM-1830,380.0,13,4777.407,0
CM-1935,48.0,7,459.294,2
CM-2115,225.0,3,1907.3700000000001,2
CM-2160,124.0,5,2245.92,2
CM-2190,345.0,4,1451.49,2
CM-2235,156.0,5,243.03,2
CM-2385,796.0,4,580.614,0
CM-2445,348.0,4,1741.578,2
CM-2655,201.0,12,1389.834,2
CM-2715,699.0,7,2838.264,0
CP-12085,69.0,23,14183.8819,1
CP-12340,8.0,30,20109.46928,1
CP-2085,863.0,10,5585.7,0
CP-2340,463.0,4,5044.65,0
CR-12580,36.0,20,8700.3125,1
CR-12625,43.0,28,17271.20568,1
CR-12730,78.0,24,19487.963760000002,1
CR-12820,64.0,24,14470.55056,1
CR-2580,34.0,5,3057.2639999999997,2
CR-2625,139.0,9,5079.897,2
CR-2730,5.0,11,1359.576,2
CR-2820,198.0,8,1188.012,2
CS-11845,15.0,26,20471.0526,1
CS-11860,77.0,21,10555.92482,1
CS-11950,45.0,31,14222.97134,1
CS-12130,11.0,22,10981.231,1
CS-12175,131.0,29,16706.0963,1
CS-12250,37.0,30,12496.1053,1
CS-12355,6.0,31,9240.896999999999,1
CS-12400,1.0,23,10221.36436,1
CS-12460,6.0,23,20084.21728,1
CS-12490,2.0,30,11110.4965,1
CS-12505,196.0,16,11535.2464,1
CS-1845,404.0,8,1593.3120000000001,0
CS-1860,137.0,9,1618.674,2
CS-1950,135.0,5,714.072,2
CS-2130,526.0,4,1367.268,0
CS-2175,255.0,5,3340.098,2
CS-2250,2.0,4,1917.624,2
CS-2355,104.0,9,1307.16,2
CS-2400,11.0,5,2293.17,2
CS-2460,338.0,8,2671.227,2
CS-2490,169.0,3,1664.13,2
CS-2505,520.0,7,1894.5,0
CT-11995,96.0,27,13715.79704,1
CT-1995,1161.0,2,422.778,0
CV-12295,39.0,20,9042.26818,1
CV-12805,4.0,20,9764.1306,1
CV-2295,376.0,9,1283.241,0
CV-2805,257.0,7,5088.852,2
CW-11905,8.0,25,12917.6316,1
CW-1905,427.0,4,1436.31,0
CY-12745,69.0,31,13928.4683,1
CY-2745,492.0,4,293.034,0
Co-12640,4.0,25,12279.23076,1
Co-2640,616.0,5,767.637,0
DA-13450,13.0,25,13035.368260000001,1
DA-3450,14.0,4,2212.05,2
DB-12910,2.0,27,12338.2837,1
DB-12970,217.0,11,9166.2092,2
DB-13060,16.0,26,23476.91166,1
DB-13120,5.0,16,5602.59462,2
DB-13210,7.0,27,13743.5959,1
DB-13270,9.0,25,11690.3695,1
DB-13360,47.0,28,6919.81436,1
DB-13405,107.0,26,16083.95666,1
DB-13555,36.0,22,9415.2204,1
DB-13615,33.0,28,10031.4568,1
DB-13660,12.0,20,11397.064840000001,1
DB-2910,474.0,8,3051.18,0
DB-2970,218.0,4,513.03,2
DB-3060,8.0,8,2070.258,2
DB-3120,672.0,4,671.232,0
DB-3210,582.0,7,387.021,0
DB-3270,48.0,2,886.23,2
DB-3360,434.0,2,3691.53,0
DB-3405,557.0,2,548.682,0
DB-3555,5.0,3,971.1120000000001,2
DB-3615,107.0,4,2824.152,2
DB-3660,866.0,3,2207.712,0
DC-12850,37.0,29,9307.3655,1
DC-13285,18.0,23,16164.6499,1
DC-2850,34.0,9,4131.144,2
DC-3285,737.0,4,800.004,0
DD-13570,41.0,24,8741.4648,1
DD-3570,63.0,8,2331.4139999999998,2
DE-13255,104.0,22,10085.789999999999,1
DE-3255,48.0,8,2714.49,2
DF-13135,9.0,18,10240.3839,1
DF-3135,43.0,4,1301.652,2
DG-13300,32.0,28,13731.428,1
DG-3300,14.0,6,2982.312,2
DH-13075,75.0,25,14128.6781,1
DH-13675,92.0,17,7817.3085,2
DH-3075,159.0,10,2063.682,2
DH-3675,197.0,12,4661.844,2
DJ-13420,154.0,28,22142.43114,1
DJ-13510,6.0,31,15420.2879,1
DJ-13630,12.0,27,12560.130000000001,1
DJ-3420,1.0,4,419.64,2
DJ-3510,6.0,7,5976.6900000000005,2
DJ-3630,34.0,6,1293.9479999999999,2
DK-12835,70.0,32,17590.5547,1
DK-12895,45.0,22,18340.62916,1
DK-12985,1.0,35,14823.9685,1
DK-13090,8.0,36,19178.6392,1
DK-13150,10.0,22,15983.711,1
DK-13225,1.0,29,9246.4686,1
DK-13375,4.0,26,16258.534,1
DK-2835,107.0,11,3373.143,2
DK-2895,159.0,6,1292.13,2
DK-3090,68.0,3,273.76800000000003,2
DK-3150,285.0,14,1577.874,2
DK-3225,65.0,8,1407.984,2
DK-3375,306.0,10,3846.78,2
DL-12865,100.0,34,11185.7181,1
DL-12925,63.0,21,11364.6808,1
DL-13315,18.0,27,18505.6005,1
DL-13330,12.0,34,16781.631,1
DL-13495,64.0,27,15872.184000000001,1
DL-2865,501.0,7,1502.964,0
DL-2925,37.0,7,831.996,2
DL-3315,47.0,6,1746.87,2
DL-3330,705.0,3,1159.3500000000001,0
DL-3495,282.0,5,773.604,2
DM-12955,40.0,32,19862.57592,1
DM-13015,5.0,30,15626.5318,1
DM-13345,2.0,27,17054.8905,1
DM-13525,35.0,19,9640.38168,1
DM-2955,12.0,9,2437.407,2
DM-3015,2.0,6,2105.79,2
DM-3345,428.0,6,4998.42,0
DM-3525,321.0,6,2191.266,2
DN-13690,40.0,24,13098.338,1
DN-3690,12.0,5,1815.954,2
DO-13435,64.0,32,15280.8855,1
DO-13645,33.0,25,12083.48092,1
DO-3435,36.0,10,3515.73,2
DO-3645,41.0,5,1689.252,2
DP-13000,61.0,31,13882.7624,1
DP-13105,6.0,25,18930.032199999998,1
DP-13165,7.0,25,22211.28212,1
DP-13390,0.0,27,10282.7912,1
DP-3000,14.0,10,2093.61,2
DP-3105,64.0,6,6970.715999999999,2
DP-3165,7.0,6,1517.952,2
DP-3390,12.0,6,1376.1299999999999,2
DR-12880,3.0,32,14415.3383,1
DR-12940,39.0,33,25641.46492,1
DR-2880,4.0,8,2291.463,2
DR-2940,39.0,8,2288.4,2
DS-13030,93.0,26,11644.2965,1
DS-13180,14.0,31,13447.412,1
DS-3030,48.0,6,1636.512,2
DS-3180,71.0,2,185.136,2
DV-13045,40.0,24,18106.01292,1
DV-13465,190.0,20,12910.87688,1
DV-3045,33.0,13,4640.319,2
DV-3465,13.0,5,4037.82,2
DW-13195,6.0,26,9689.3171,1
DW-13480,65.0,23,16336.8556,1
DW-13540,12.0,20,13166.414999999999,1
DW-13585,5.0,37,12143.0436,1
DW-3195,1169.0,4,1241.2259999999999,0
DW-3480,131.0,12,7118.106000000001,2
DW-3540,919.0,4,1216.587,0
DW-3585,196.0,4,461.87399999999997,2
Dl-13600,5.0,20,11912.7634,1
Dl-3600,189.0,10,2809.056,2
Dp-13240,18.0,28,22225.61032,1
Dp-3240,188.0,7,609.3,2
EA-14035,93.0,31,11387.06772,1
EA-4035,165.0,3,131.808,2
EB-13705,48.0,30,12382.284099999999,1
EB-13750,32.0,20,8489.991,1
EB-13840,2.0,25,20188.15894,1
EB-13870,15.0,19,6850.983700000001,1
EB-13930,75.0,18,9533.9519,1
EB-13975,0.0,32,13405.6013,1
EB-14110,35.0,24,13665.4673,1
EB-14170,100.0,23,6736.4391,1
EB-3705,398.0,3,3141.63,0
EB-3750,184.0,6,939.153,2
EB-3840,43.0,6,1797.738,2
EB-3870,497.0,5,184.872,0
EB-3930,7.0,9,2433.516,2
EB-3975,35.0,9,2713.62,2
EB-4110,168.0,10,2417.757,2
EB-4170,561.0,6,1267.6200000000001,0
EC-14050,282.0,19,4430.2361,2
EC-4050,162.0,7,2301.315,2
ED-13885,15.0,31,18018.879,1
ED-3885,77.0,8,525.474,2
EG-13900,36.0,21,16562.35068,1
EG-3900,197.0,11,6549.951,2
EH-13765,2.0,29,20259.916,1
EH-13945,97.0,27,7832.68602,1
EH-13990,44.0,26,8807.0846,1
EH-14005,2.0,28,10374.9381,1
EH-14125,102.0,31,17408.31362,1
EH-14185,67.0,29,12800.51382,1
EH-3765,128.0,9,1010.382,2
EH-3945,488.0,9,2518.74,0
EH-3990,33.0,6,672.489,2
EH-4005,196.0,7,2629.674,2
EH-4125,62.0,13,5012.22,2
EH-4185,128.0,8,3577.77,2
EJ-13720,431.0,22,8969.44,0
EJ-14155,34.0,23,12324.8446,1
EJ-3720,156.0,8,1727.964,2
EJ-4155,140.0,5,2631.99,2
EK-13795,44.0,17,5597.3462,2
EK-3795,396.0,6,1531.083,0
EL-13735,77.0,23,10515.862000000001,1
EL-3735,201.0,11,3691.392,2
EM-13810,78.0,23,13549.72804,1
EM-13825,137.0,26,14128.078160000001,1
EM-13960,2.0,37,25228.52948,1
EM-14065,16.0,17,12108.30958,1
EM-14095,8.0,17,10889.6997,1
EM-14140,46.0,30,21507.29126,1
EM-14200,41.0,23,17087.77766,1
EM-3810,190.0,6,1032.879,2
EM-3960,194.0,8,2855.874,2
EM-4065,70.0,9,3213.246,2
EM-4095,131.0,9,2833.56,2
EM-4140,93.0,6,1900.791,2
EM-4200,191.0,4,2585.898,2
EN-13780,14.0,20,6333.9164,1
EN-3780,371.0,8,734.856,0
EP-13915,12.0,33,16283.35774,1
EP-3915,75.0,3,487.95000000000005,2
ER-13855,69.0,19,13396.0,1
ER-3855,894.0,7,3736.296,0
ES-14020,0.0,32,12827.272939999999,1
ES-14080,102.0,24,16236.0058,1
ES-4020,344.0,7,1892.778,2
ES-4080,275.0,9,1925.544,2
FA-14230,38.0,29,13535.0628,1
FA-4230,184.0,6,814.572,2
FC-14245,42.0,23,10867.8088,1
FC-14335,107.0,23,8770.73964,1
FC-4245,491.0,6,1540.6380000000001,0
FC-4335,189.0,4,550.95,2
FG-14260,34.0,18,9396.5055,1
FG-4260,155.0,9,308.211,2
FH-14275,4.0,23,13569.566,1
FH-14350,1.0,20,10654.52882,1
FH-14365,1.0,30,27649.32652,1
FH-4275,134.0,5,113.064,2
FH-4350,14.0,3,110.481,2
FH-4365,166.0,9,2751.348,2
FM-14215,7.0,31,14353.3978,1
FM-14290,36.0,30,14382.319220000001,1
FM-14380,188.0,21,6598.3976999999995,1
FM-4215,96.0,6,2935.614,2
FM-4290,2.0,8,2002.71,2
FM-4380,1.0,6,843.54,2
FO-14305,38.0,37,15614.2155,1
FO-4305,73.0,10,2158.446,2
FP-14320,215.0,29,9939.0502,1
FP-4320,34.0,5,816.582,2
FW-14395,63.0,26,16972.7481,1
FW-4395,0.0,8,1220.811,2
GA-14515,79.0,24,12488.67232,1
GA-14725,2.0,24,8817.5455,1
GA-4515,35.0,7,1318.389,2
GA-4725,70.0,4,1460.796,2
GB-14530,33.0,25,11657.753,1
GB-14575,13.0,24,10748.99238,1
GB-4530,170.0,5,525.9,2
GB-4575,252.0,6,1821.912,2
GD-14590,5.0,29,18005.0006,1
GD-4590,352.0,4,700.692,2
GG-14650,33.0,28,12902.96276,1
GG-4650,103.0,5,1000.422,2
GH-14410,61.0,36,13659.59598,1
GH-14425,18.0,31,20039.763,1
GH-14485,103.0,21,14692.6742,1
GH-14665,2.0,29,12921.45162,1
GH-4410,457.0,9,1610.22,0
GH-4425,127.0,10,4585.83,2
GH-4485,378.0,4,794.622,0
GH-4665,1.0,9,1077.069,2
GK-14620,12.0,24,19215.7699,1
GK-4620,100.0,4,764.601,2
GM-14440,104.0,26,15782.46188,1
GM-14455,16.0,17,10523.649,1
GM-14500,106.0,23,6704.18562,1
GM-14680,1.0,31,12010.60944,1
GM-14695,47.0,19,14564.942000000001,1
GM-4440,1.0,8,735.216,2
GM-4455,439.0,4,488.43,0
GM-4500,104.0,5,4298.37,2
GM-4680,72.0,6,1590.402,2
GM-4695,222.0,7,791.502,2
GP-14740,1.0,25,10793.729,1
GP-4740,187.0,8,4610.103,2
GR-14560,67.0,24,8895.05754,1
GR-4560,153.0,6,4955.5289999999995,2
GT-14635,65.0,20,19080.34784,1
GT-14710,8.0,30,34471.89028,1
GT-14755,34.0,23,5601.70652,1
GT-4635,9.0,7,1145.01,2
GT-4710,558.0,4,1079.0639999999999,0
GT-4755,0.0,8,3457.578,2
GW-14605,18.0,25,16239.4915,1
GW-4605,14.0,8,1830.789,2
GZ-14470,7.0,35,20869.699,1
GZ-14545,76.0,24,11593.7308,1
GZ-4470,278.0,8,3835.626,2
GZ-4545,405.0,6,3698.388,0
HA-14905,69.0,24,15826.81444,1
HA-14920,41.0,25,9740.3981,1
HA-4905,13.0,4,1106.604,2
HA-4920,133.0,6,670.674,2
HD-14785,42.0,29,16749.140199999998,1
HD-4785,106.0,7,3325.6079999999997,2
HE-14800,6.0,27,9902.49522,1
HE-4800,36.0,8,1091.3220000000001,2
HF-14995,14.0,28,9712.8699,1
HF-4995,587.0,8,2099.973,0
HG-14845,12.0,30,21228.55452,1
HG-14965,61.0,34,16810.6866,1
HG-15025,6.0,29,14737.8066,1
HG-4845,223.0,9,2987.898,2
HG-4965,99.0,5,354.588,2
HG-5025,96.0,7,1476.612,2
HH-15010,61.0,24,13731.73782,1
HH-5010,196.0,3,1497.57,2
HJ-14875,5.0,32,14312.7962,1
HJ-4875,310.0,6,1121.22,2
HK-14890,43.0,27,13886.4431,1
HK-4890,170.0,6,1656.966,2
HL-15040,36.0,20,29664.23058,1
HL-5040,188.0,4,579.336,2
HM-14860,1.0,37,27434.1676,1
HM-14980,40.0,29,12718.7916,1
HM-4860,34.0,4,1042.77,2
HM-4980,464.0,5,4409.298,0
HP-14815,102.0,24,7321.4395,1
HP-4815,63.0,5,1196.682,2
HR-14770,13.0,18,11126.929,1
HR-14830,159.0,21,9637.15436,1
HR-4770,187.0,8,4550.322,2
HR-4830,347.0,3,391.93800000000005,2
HW-14935,34.0,28,17199.202,1
HW-4935,124.0,7,1174.824,2
HZ-14950,35.0,22,9656.4048,1
HZ-4950,597.0,6,2830.4159999999997,0
IG-15085,13.0,25,10383.13098,1
IG-5085,1.0,12,5766.243,2
IL-15100,160.0,25,11802.69376,1
IL-5100,163.0,7,1052.808,2
IM-15055,15.0,15,5154.83976,2
IM-15070,40.0,27,17854.10112,1
IM-5055,132.0,7,4324.95,2
IM-5070,96.0,7,2064.066,2
JA-15970,0.0,25,17105.4707,1
JA-5970,0.0,7,1057.227,2
JB-15400,7.0,34,13085.5039,1
JB-15925,9.0,19,12325.28696,1
JB-16000,1.0,32,22127.18112,1
JB-16045,0.0,24,13851.27568,1
JB-5400,195.0,7,2172.0299999999997,2
JB-5925,68.0,8,1012.092,2
JB-6000,217.0,7,1881.006,2
JB-6045,218.0,10,3235.656,2
JC-15340,34.0,29,17836.2846,1
JC-15385,8.0,25,12978.930919999999,1
JC-15775,1.0,25,10582.78504,1
JC-16105,68.0,28,11079.10488,1
JC-5340,771.0,6,606.105,0
JC-5385,15.0,9,3183.0750000000003,2
JC-5775,13.0,5,1712.487,2
JC-6105,102.0,6,3914.94,2
JD-15790,15.0,24,10267.74976,1
JD-15895,6.0,32,16711.32422,1
JD-16015,48.0,24,8690.6293,1
JD-16060,65.0,19,7683.04096,1
JD-16150,0.0,28,18281.84948,1
JD-5790,859.0,5,1323.072,0
JD-5895,2.0,6,2770.4339999999997,2
JD-6015,42.0,8,2652.7799999999997,2
JD-6060,140.0,9,3541.44,2
JD-6150,231.0,6,5329.7699999999995,2
JE-15475,35.0,22,5905.076,1
JE-15610,42.0,26,13192.6924,1
JE-15715,9.0,36,22275.2689,1
JE-15745,32.0,35,19629.12896,1
JE-16165,41.0,20,8352.71836,1
JE-5475,193.0,8,914.178,2
JE-5610,194.0,6,756.855,2
JE-5715,228.0,7,180.29999999999998,2
JE-5745,194.0,7,2275.5,2
JE-6165,36.0,8,4555.716,2
JF-15190,6.0,28,17064.7075,1
JF-15295,104.0,24,20382.2503,1
JF-15355,13.0,22,7343.566,1
JF-15415,2.0,23,14717.46588,1
JF-15490,4.0,30,9234.53286,1
JF-15565,1.0,29,19844.14866,1
JF-5190,597.0,8,3510.1679999999997,0
JF-5295,63.0,8,2433.942,2
JF-5355,96.0,9,3475.7639999999997,2
JF-5415,37.0,11,8227.02,2
JF-5490,99.0,7,1487.385,2
JF-5565,551.0,6,3776.7000000000003,0
JG-15115,68.0,19,12801.82588,1
JG-15160,1.0,32,19963.41,1
JG-15310,2.0,24,12733.7039,1
JG-15805,0.0,37,22015.3862,1
JG-5115,5.0,9,2907.678,2
JG-5160,16.0,8,1588.116,2
JG-5310,43.0,5,836.994,2
JG-5805,133.0,3,208.38,2
JH-15430,5.0,31,11806.1963,1
JH-15820,13.0,31,23586.7205,1
JH-15910,41.0,32,12532.7177,1
JH-15985,11.0,38,18863.4044,1
JH-16180,69.0,31,18267.0064,1
JH-5430,7.0,9,883.476,2
JH-5820,42.0,7,2359.011,2
JH-5910,40.0,8,4013.994,2
JH-5985,184.0,7,2073.48,2
JH-6180,154.0,9,5651.8949999999995,2
JJ-15445,33.0,19,9696.8474,1
JJ-15760,2.0,28,18103.64108,1
JJ-5445,199.0,6,2490.204,2
JJ-5760,491.0,6,1890.126,0
JK-15205,61.0,24,10917.0012,1
JK-15325,77.0,28,17000.84332,1
JK-15370,1.0,27,10189.51404,1
JK-15625,1.0,27,12754.4081,1
JK-15640,0.0,26,12637.4495,1
JK-15730,48.0,34,20825.892,1
JK-16090,8.0,33,21918.73684,1
JK-16120,97.0,26,13134.71664,1
JK-5205,591.0,5,1617.6,0
JK-5325,460.0,3,203.38799999999998,0
JK-5370,344.0,6,3211.452,2
JK-5625,316.0,8,4364.763,2
JK-5640,894.0,4,428.43,0
JK-5730,488.0,6,5862.87,0
JK-6090,12.0,5,1215.516,2
JK-6120,140.0,6,2513.07,2
JL-15130,8.0,28,12908.49914,1
JL-15175,6.0,27,13499.87246,1
JL-15235,13.0,24,18725.38964,1
JL-15505,131.0,22,8631.695,1
JL-15835,36.0,30,22594.043,1
JL-15850,44.0,22,8497.68,1
JL-5130,197.0,12,5765.400000000001,2
JL-5175,124.0,5,1353.09,2
JL-5235,1.0,4,1751.712,2
JL-5505,341.0,3,2729.3399999999997,2
JL-5835,313.0,7,3388.275,2
JM-15250,35.0,24,15594.46182,1
JM-15265,37.0,29,15036.5537,1
JM-15535,14.0,20,6942.403,1
JM-15580,0.0,24,13295.857,1
JM-15655,8.0,34,16294.727060000001,1
JM-15865,68.0,29,20841.946500000002,1
JM-16195,140.0,25,7825.5646,1
JM-5250,6.0,5,2424.201,2
JM-5265,257.0,4,1131.912,2
JM-5535,1038.0,5,847.827,0
JM-5580,69.0,5,880.3230000000001,2
JM-5655,122.0,8,3602.67,2
JM-5865,70.0,6,1544.268,2
JM-6195,12.0,8,1200.492,2
JO-15145,64.0,23,10440.976,1
JO-15280,14.0,21,7123.5651,1
JO-15550,71.0,19,4002.8940000000002,2
JO-5145,5.0,6,2904.714,2
JO-5280,160.0,4,1694.8500000000001,2
JO-5550,12.0,9,4203.78,2
JP-15460,36.0,26,10916.36982,1
JP-15520,8.0,26,16429.04996,1
JP-16135,43.0,34,10163.5086,1
JP-5460,188.0,10,3294.018,2
JP-5520,583.0,4,2227.524,0
JP-6135,162.0,8,4432.650000000001,2
JR-15670,12.0,20,13338.0916,1
JR-15700,7.0,18,9568.31976,1
JR-16210,18.0,21,12589.959,1
JR-5670,128.0,6,2585.034,2
JR-5700,13.0,6,1673.163,2
JR-6210,37.0,6,1033.29,2
JS-15595,5.0,18,9334.6385,1
JS-15685,40.0,26,14338.5195,1
JS-15880,11.0,20,10443.1001,1
JS-15940,5.0,15,3874.766,2
JS-16030,72.0,32,19218.81298,1
JS-5595,679.0,6,806.691,0
JS-5685,275.0,5,1944.06,2
JS-5880,953.0,6,1745.997,0
JS-5940,134.0,13,2927.3399999999997,2
JS-6030,218.0,4,1573.038,2
JW-15220,12.0,34,23103.7263,1
JW-15955,5.0,30,10640.8287,1
JW-16075,1.0,25,19852.773,1
JW-5220,100.0,6,7184.724,2
JW-5955,106.0,2,307.8,2
JW-6075,826.0,4,747.21,0
KA-16525,16.0,35,17449.90012,1
KA-6525,93.0,7,1429.884,2
KB-16240,4.0,27,9900.698,1
KB-16315,2.0,29,14542.76228,1
KB-16405,41.0,28,13786.0925,1
KB-16585,93.0,27,16385.749499999998,1
KB-16600,1.0,25,10295.9567,1
KB-6240,201.0,7,1945.32,2
KB-6315,311.0,11,2957.715,2
KB-6405,741.0,3,238.548,0
KB-6585,371.0,2,216.78000000000003,0
KB-6600,9.0,11,1167.738,2
KC-16255,44.0,27,9321.9643,1
KC-16540,41.0,25,18897.130259999998,1
KC-16675,2.0,23,13531.28104,1
KC-6255,564.0,8,1094.358,0
KC-6540,33.0,7,505.893,2
KD-16270,36.0,29,23204.2675,1
KD-16345,41.0,15,11157.0404,1
KD-16495,46.0,36,24996.5031,1
KD-16615,75.0,24,12348.44362,1
KD-6345,75.0,6,536.46,2
KD-6495,398.0,4,1454.76,0
KD-6615,186.0,3,205.98,2
KE-16420,47.0,31,12928.68672,1
KE-6420,251.0,4,622.452,2
KF-16285,37.0,21,15164.8685,1
KF-6285,32.0,9,3100.152,2
KH-16330,16.0,26,15045.6445,1
KH-16360,1.0,28,9983.5094,1
KH-16510,36.0,26,15340.396,1
KH-16630,8.0,27,7220.70456,1
KH-16690,2.0,39,18158.4601,1
KH-6330,102.0,13,3371.208,2
KH-6360,100.0,7,2221.365,2
KH-6510,15.0,7,1544.34,2
KH-6630,491.0,5,1795.866,0
KH-6690,1229.0,7,1696.014,0
KL-16555,15.0,26,12064.3877,1
KL-16645,47.0,28,22553.1085,1
KL-6555,312.0,7,2184.06,2
KL-6645,0.0,5,1576.296,2
KM-16225,0.0,18,7754.5516,1
KM-16375,2.0,28,16394.46064,1
KM-16660,15.0,29,10785.2626,1
KM-16720,107.0,23,14041.02,1
KM-6225,371.0,3,891.3629999999999,0
KM-6375,321.0,5,2124.699,2
KM-6660,986.0,3,188.544,0
KM-6720,349.0,3,2928.654,2
KN-16390,62.0,29,19350.14634,1
KN-16450,37.0,26,16294.6981,1
KN-16705,98.0,19,5884.778,2
KN-6450,93.0,8,1767.282,2
KN-6705,123.0,5,4830.858,2
KS-16300,35.0,21,5103.36318,1
KS-6300,106.0,4,221.61,2
KT-16465,43.0,32,15725.0362,1
KT-16480,100.0,20,6240.6521,1
KT-6465,105.0,7,1532.124,2
KT-6480,216.0,7,2119.74,2
KW-16435,41.0,23,15319.9656,1
KW-16570,124.0,34,9256.0553,1
KW-6435,1413.0,4,427.28999999999996,0
KW-6570,48.0,6,2577.7200000000003,2
LA-16780,13.0,34,24273.0019,1
LA-6780,1.0,12,3589.44,2
LB-16735,9.0,29,12686.03922,1
LB-16795,39.0,31,24589.87022,1
LB-6735,137.0,7,1897.95,2
LB-6795,103.0,8,1796.115,2
LC-16870,98.0,21,9859.89236,1
LC-16885,16.0,29,17058.8144,1
LC-16930,41.0,26,11660.69496,1
LC-16960,2.0,22,11812.0975,1
LC-17050,4.0,23,12933.87382,1
LC-17140,13.0,30,13128.24376,1
LC-6870,104.0,8,1220.451,2
LC-6885,471.0,9,1828.086,0
LC-6930,71.0,9,5080.688999999999,2
LC-6960,191.0,8,2487.402,2
LC-7050,6.0,7,7193.652,2
LC-7140,16.0,6,2954.43,2
LD-16855,42.0,30,13361.93258,1
LD-17005,102.0,27,11461.65464,1
LD-6855,139.0,8,2822.706,2
LD-7005,43.0,6,361.686,2
LE-16810,14.0,24,10429.2537,1
LE-6810,63.0,6,1049.52,2
LF-17185,33.0,22,12864.7205,1
LF-7185,379.0,5,556.518,0
LH-16750,12.0,22,7945.0902,1
LH-16900,138.0,29,12098.37728,1
LH-17020,41.0,18,8189.785800000001,1
LH-17155,75.0,29,14063.4898,1
LH-6750,125.0,5,745.65,2
LH-6900,306.0,3,840.792,2
LH-7020,370.0,3,973.212,0
LH-7155,127.0,8,3228.75,2
LL-16840,92.0,26,11287.78406,1
LL-6840,35.0,9,3649.152,2
LM-17065,104.0,18,9249.383,1
LM-7065,7.0,4,6280.47,2
LO-17170,2.0,28,11256.3236,1
LO-7170,4.0,7,2281.185,2
LP-17080,40.0,24,7631.9895,1
LP-17095,9.0,26,15598.1516,1
LP-7080,184.0,7,1831.338,2
LP-7095,0.0,4,1011.36,2
LR-16915,132.0,26,22434.08756,1
LR-17035,45.0,26,16118.9722,1
LR-6915,684.0,3,468.654,0
LR-7035,106.0,9,2677.98,2
LS-16945,189.0,20,10420.11776,1
LS-16975,32.0,22,8646.9157,1
LS-17200,15.0,24,15258.74122,1
LS-17230,4.0,24,10577.17148,1
LS-17245,34.0,24,10758.988000000001,1
LS-6945,6.0,12,2726.034,2
LS-6975,292.0,5,716.184,2
LS-7200,383.0,4,340.656,0
LS-7230,99.0,10,1164.348,2
LS-7245,217.0,6,953.151,2
LT-16765,6.0,30,17253.78294,1
LT-17110,34.0,26,12986.77316,1
LT-6765,8.0,4,1365.33,2
LT-7110,77.0,6,8234.994,2
LW-16825,62.0,20,9990.855239999999,1
LW-16990,33.0,23,9111.8495,1
LW-17125,41.0,16,5369.269,2
LW-17215,43.0,24,10529.49144,1
LW-6825,32.0,11,881.754,2
LW-6990,14.0,11,1869.771,2
LW-7125,33.0,9,2677.341,2
LW-7215,132.0,5,1522.014,2
MA-17560,64.0,24,10813.79188,1
MA-17995,42.0,22,10006.45034,1
MA-7560,232.0,4,1628.166,2
MA-7995,16.0,11,1928.007,2
MB-17305,1.0,27,16729.34532,1
MB-18085,44.0,30,14744.230880000001,1
MB-7305,201.0,8,4874.589,2
MB-8085,11.0,8,1703.508,2
MC-17275,44.0,34,11680.0495,1
MC-17425,65.0,30,15055.40518,1
MC-17575,31.0,33,14281.65306,1
MC-17590,70.0,25,10118.84168,1
MC-17605,78.0,26,13019.2019,1
MC-17635,5.0,34,21113.5107,1
MC-17845,1.0,31,14947.88402,1
MC-18100,41.0,33,11353.7466,1
MC-18130,275.0,23,8532.703,1
MC-7275,370.0,5,4301.043,0
MC-7425,35.0,5,1489.851,2
MC-7575,9.0,8,3619.188,2
MC-7590,336.0,3,1554.06,2
MC-7605,195.0,2,208.41,2
MC-7845,34.0,4,991.728,2
MC-8100,104.0,3,659.34,2
MC-8130,287.0,5,826.35,2
MD-17350,93.0,30,16455.32732,1
MD-17860,36.0,28,15575.64874,1
MD-7350,313.0,6,1374.198,2
MD-7860,103.0,5,6853.512,2
ME-17320,5.0,30,24527.029,1
ME-17725,61.0,28,7839.8866,1
ME-18010,42.0,27,10547.63192,1
ME-7320,133.0,10,1720.1879999999999,2
ME-7725,11.0,11,2083.875,2
MF-17665,62.0,29,13366.53134,1
MF-18250,7.0,32,20425.299600000002,1
MF-7665,48.0,3,161.91,2
MF-8250,62.0,6,1517.5500000000002,2
MG-17650,79.0,21,12717.26968,1
MG-17680,36.0,28,16061.6441,1
MG-17695,0.0,25,16221.6268,1
MG-17875,5.0,33,14452.82062,1
MG-17890,5.0,29,13162.2489,1
MG-18145,2.0,24,18147.9582,1
MG-18205,2.0,29,16362.8956,1
MG-7650,495.0,1,301.71,0
MG-7680,74.0,9,4298.478,2
MG-7695,335.0,7,2104.596,2
MG-7875,403.0,1,80.19,0
MG-7890,373.0,1,19.128,0
MG-8145,281.0,3,5229.1140000000005,2
MG-8205,1.0,7,1648.944,2
MH-17290,37.0,25,13718.69666,1
MH-17440,8.0,25,7945.0458,1
MH-17455,139.0,27,9974.27472,1
MH-17620,104.0,20,11038.31378,1
MH-17785,0.0,26,11676.13204,1
MH-18025,73.0,19,11753.7025,1
MH-18115,5.0,26,12017.105,1
MH-7290,737.0,3,1685.34,0
MH-7440,96.0,8,3357.7799999999997,2
MH-7455,92.0,10,4747.371,2
MH-7620,245.0,7,1179.666,2
MH-7785,7.0,9,1914.834,2
MH-8025,14.0,9,1095.426,2
MH-8115,139.0,7,1260.702,2
MJ-17740,94.0,26,15347.655,1
MJ-7740,159.0,4,1136.898,2
MK-17905,63.0,31,13202.4489,1
MK-18160,33.0,20,10043.3188,1
MK-7905,219.0,11,1244.955,2
MK-8160,40.0,10,2697.066,2
ML-17395,0.0,25,14507.07948,1
ML-17410,33.0,30,14981.7043,1
ML-17755,1.0,28,14425.1044,1
ML-18040,7.0,19,8677.599,1
ML-18265,100.0,26,14674.00116,1
ML-7395,132.0,7,1049.4,2
ML-7410,169.0,3,193.134,2
ML-7755,309.0,7,1108.5,2
ML-8040,44.0,7,1690.896,2
ML-8265,8.0,9,1170.72,2
MM-17260,4.0,26,15713.71812,1
MM-17920,7.0,33,20383.654,1
MM-18055,15.0,25,11163.587,1
MM-18280,12.0,25,7134.304,1
MM-7260,131.0,5,5510.358,2
MM-7920,160.0,6,1350.03,2
MM-8055,33.0,8,1924.911,2
MM-8280,71.0,10,3586.695,2
MN-17935,8.0,21,12870.93412,1
MN-7935,107.0,6,2175.33,2
MO-17500,36.0,24,10314.4082,1
MO-17800,6.0,25,13709.1228,1
MO-17950,6.0,14,4527.392,2
MO-7500,281.0,5,810.8699999999999,2
MO-7800,14.0,9,4294.2660000000005,2
MO-7950,98.0,3,933.192,2
MP-17470,5.0,28,12928.8028,1
MP-17965,72.0,39,17228.4977,1
MP-18175,16.0,36,22045.252800000002,1
MP-7965,196.0,8,567.093,2
MP-8175,168.0,6,2169.174,2
MR-17545,97.0,23,19246.7123,1
MR-7545,100.0,6,2325.24,2
MS-17365,5.0,34,20317.0067,1
MS-17530,15.0,25,13335.04236,1
MS-17710,33.0,26,8500.63026,1
MS-17770,34.0,36,17382.93504,1
MS-17830,63.0,26,11783.3973,1
MS-17980,69.0,27,16210.5722,1
MS-7365,224.0,5,1365.54,2
MS-7530,502.0,8,1456.806,0
MS-7710,63.0,8,1529.46,2
MS-7770,98.0,6,538.56,2
MS-7830,4.0,8,4322.904,2
MS-7980,6.0,5,1654.644,2
MT-17815,63.0,27,13845.5188,1
MT-18070,127.0,24,10920.3999,1
MT-7815,526.0,6,1500.588,0
MT-8070,499.0,7,6851.922,0
MV-17485,16.0,27,10563.3673,1
MV-18190,97.0,30,15577.035600000001,1
MV-7485,470.0,5,952.536,0
MV-8190,7.0,8,3995.04,2
MW-18220,17.0,28,20592.081299999998,1
MW-18235,16.0,24,17933.0609,1
MW-8220,44.0,8,2476.497,2
MW-8235,0.0,6,1070.772,2
MY-17380,36.0,28,14724.1472,1
MY-18295,0.0,29,25570.49418,1
MY-7380,365.0,4,1745.5739999999998,0
MY-8295,43.0,10,4072.167,2
MZ-17335,36.0,26,14463.9343,1
MZ-17515,43.0,25,13383.976840000001,1
MZ-7335,250.0,5,3494.226,2
MZ-7515,78.0,9,3193.161,2
NB-18580,460.0,10,4875.5984,0
NB-18655,38.0,22,9647.2046,1
NB-8580,428.0,7,1059.477,0
NB-8655,227.0,5,434.616,2
NC-18340,5.0,22,13905.34712,1
NC-18415,39.0,19,9255.794,1
NC-18535,6.0,22,11054.378,1
NC-18625,105.0,29,16901.51758,1
NC-8340,35.0,9,2707.962,2
NC-8415,106.0,5,1503.426,2
NC-8535,138.0,7,1250.871,2
NC-8625,461.0,2,442.32,0
ND-18370,12.0,23,10913.15082,1
ND-18460,5.0,22,12061.44172,1
ND-8370,33.0,6,2790.234,2
ND-8460,8.0,10,2722.98,2
NF-18385,7.0,32,28044.3595,1
NF-18475,6.0,22,10630.9149,1
NF-18595,11.0,22,10535.301519999999,1
NF-8385,1.0,11,3736.899,2
NF-8475,43.0,7,2019.006,2
NF-8595,1107.0,5,1731.936,0
NG-18355,48.0,21,9262.72936,1
NG-18430,47.0,28,18970.41454,1
NG-8355,103.0,7,2746.47,2
NG-8430,18.0,8,3749.829,2
NH-18610,70.0,22,19181.9263,1
NH-8610,5.0,6,2121.522,2
NK-18490,70.0,24,11483.193,1
NK-8490,1175.0,4,2395.35,0
NL-18310,61.0,25,10587.3308,1
NM-18445,160.0,32,20223.2359,1
NM-18520,36.0,27,12328.606,1
NM-8445,33.0,9,4053.7200000000003,2
NM-8520,158.0,1,1540.53,2
NP-18325,1.0,25,11778.491,1
NP-18670,62.0,19,12839.01426,1
NP-18685,14.0,30,11363.4332,1
NP-18700,135.0,27,14036.4335,1
NP-8325,15.0,8,1336.686,2
NP-8670,226.0,6,2871.87,2
NP-8685,279.0,4,4994.849999999999,2
NP-8700,37.0,6,1880.622,2
NR-18550,2.0,26,10993.42058,1
NR-8550,14.0,8,1898.481,2
NS-18505,6.0,25,14834.28974,1
NS-18640,36.0,37,14866.087,1
NS-8505,13.0,5,962.8530000000001,2
NS-8640,47.0,8,1771.437,2
NW-18400,190.0,26,15326.833059999999,1
NW-8400,677.0,7,7046.736,0
NZ-18565,109.0,26,19941.69812,1
NZ-8565,99.0,4,328.584,2
ON-18715,47.0,33,17763.94824,1
ON-8715,459.0,5,1507.758,0
OT-18730,33.0,32,19493.76566,1
OT-8730,471.0,4,265.05,0
PA-19060,74.0,21,6723.23276,1
PA-9060,289.0,6,3670.581,2
PB-18805,8.0,19,12075.39774,1
PB-19105,99.0,16,8087.781,2
PB-19150,5.0,33,7907.2555600000005,1
PB-19210,8.0,27,18967.662,1
PB-8805,342.0,9,2787.672,2
PB-9105,0.0,4,1808.208,2
PB-9150,41.0,10,3478.443,2
PB-9210,307.0,7,5302.197,2
PC-18745,2.0,21,10693.49644,1
PC-19000,32.0,18,9474.0653,1
PC-9000,676.0,4,1160.43,0
PF-19120,93.0,28,27993.04966,1
PF-19165,196.0,36,16018.8427,1
PF-19225,2.0,30,11915.1997,1
PF-9120,188.0,10,1882.95,2
PF-9165,34.0,7,2007.642,2
PF-9225,14.0,7,1474.272,2
PG-18820,35.0,35,14635.9446,1
PG-18895,2.0,28,13941.6862,1
PG-8820,917.0,6,1846.56,0
PG-8895,557.0,6,1981.302,0
PH-18790,70.0,19,9435.5663,1
PH-8790,184.0,8,1746.8400000000001,2
PJ-18835,39.0,19,13639.502,1
PJ-19015,42.0,22,9230.87916,1
PJ-8835,42.0,6,801.405,2
PJ-9015,196.0,8,6612.66,2
PK-18910,98.0,16,7282.58156,2
PK-19075,8.0,29,17668.910499999998,1
PK-8910,231.0,4,948.456,2
PK-9075,494.0,3,992.784,0
PL-18925,15.0,20,14256.7186,1
PM-18940,41.0,23,12893.5944,1
PM-19135,12.0,22,9857.6599,1
PM-8940,466.0,9,1448.856,0
PM-9135,1136.0,6,1429.296,0
PN-18775,15.0,33,11370.46522,1
PN-8775,883.0,5,1522.1100000000001,0
PO-18850,4.0,41,25274.4702,1
PO-18865,0.0,35,21051.0598,1
PO-19180,160.0,24,16753.1715,1
PO-19195,218.0,21,10872.01088,1
PO-8850,127.0,4,1432.9859999999999,2
PO-8865,352.0,6,2973.15,2
PO-9180,502.0,9,1231.068,0
PO-9195,33.0,8,8227.356,2
PP-18955,63.0,30,21884.1846,1
PP-8955,14.0,3,359.061,2
PR-18880,36.0,29,13243.62082,1
PR-8880,196.0,5,1085.6399999999999,2
PS-18760,35.0,28,15926.5494,1
PS-18970,32.0,33,18222.40482,1
PS-19045,34.0,26,29252.3194,1
PS-8760,347.0,5,1706.202,2
PS-8970,124.0,4,1395.948,2
PS-9045,61.0,7,829.356,2
PT-19090,6.0,25,8370.783,1
PT-9090,2.0,5,4686.03,2
PV-18985,8.0,28,12540.661,1
PV-8985,230.0,6,6390.636,2
PW-19030,7.0,31,12810.05846,1
PW-19240,1.0,24,7186.1398,1
PW-9030,275.0,7,1081.002,2
PW-9240,61.0,7,1237.53,2
QJ-19255,251.0,23,18192.9231,1
QJ-9255,61.0,5,387.051,2
RA-19285,5.0,24,16816.427,1
RA-19885,43.0,23,15435.49908,1
RA-19915,12.0,27,20975.19342,1
RA-19945,1.0,23,11696.0283,1
RA-9285,254.0,14,6226.686,2
RA-9885,125.0,8,503.26800000000003,2
RA-9915,139.0,2,420.65999999999997,2
RA-9945,223.0,9,2044.587,2
RB-19330,15.0,32,18359.76862,1
RB-19360,75.0,25,29197.634599999998,1
RB-19435,41.0,28,11618.07552,1
RB-19465,0.0,36,17178.4394,1
RB-19570,36.0,25,10961.631,1
RB-19645,223.0,22,5973.5944,1
RB-19705,16.0,16,9288.0836,1
RB-19795,32.0,35,19056.88134,1
RB-9330,139.0,8,4538.256,2
RB-9360,93.0,4,404.508,2
RB-9435,216.0,6,3179.154,2
RB-9465,287.0,3,3675.2400000000002,2
RB-9570,834.0,5,586.761,0
RB-9645,1100.0,3,282.594,0
RB-9705,247.0,12,6018.072,2
RB-9795,678.0,5,255.288,0
RC-19825,345.0,25,7916.6733,1
RC-19960,196.0,22,7897.8691,1
RC-9825,741.0,1,37.44,0
RC-9960,184.0,5,1639.965,2
RD-19480,0.0,27,16487.1909,1
RD-19585,34.0,31,16315.107899999999,1
RD-19660,93.0,21,12947.9651,1
RD-19720,47.0,30,10902.5255,1
RD-19810,14.0,30,7091.09996,1
RD-19900,32.0,29,13485.748,1
RD-19930,42.0,22,9293.58832,1
RD-9480,47.0,6,1061.73,2
RD-9585,35.0,7,5168.4,2
RD-9660,374.0,9,3391.788,0
RD-9720,70.0,8,3833.712,2
RD-9810,217.0,7,3214.788,2
RD-9900,92.0,10,4837.2210000000005,2
RD-9930,103.0,11,6523.392,2
RE-19405,33.0,21,12073.09218,1
RE-19450,293.0,18,10660.48524,1
RE-9405,71.0,6,1967.403,2
RE-9450,15.0,12,5678.7029999999995,2
RF-19345,64.0,27,13391.2718,1
RF-19735,1.0,23,12139.0877,1
RF-19840,6.0,31,15077.47568,1
RF-9345,6.0,5,3208.026,2
RF-9840,138.0,6,571.722,2
RH-19495,31.0,28,13295.7486,1
RH-19510,107.0,25,11599.392960000001,1
RH-19555,7.0,21,8944.311,1
RH-19600,6.0,21,4629.69556,2
RH-9495,96.0,3,3057.21,2
RH-9510,700.0,7,1837.788,0
RH-9555,1261.0,8,8753.469,0
RH-9600,464.0,8,3340.4700000000003,0
RK-19300,127.0,26,13480.92458,1
RK-9300,64.0,4,519.12,2
RL-19615,124.0,23,14866.82448,1
RL-9615,645.0,8,2420.226,0
RM-19375,18.0,25,16077.68112,1
RM-19675,4.0,19,11151.9605,1
RM-19750,16.0,19,6475.01086,1
RM-9375,9.0,7,2239.446,2
RM-9675,36.0,8,1715.094,2
RM-9750,40.0,7,929.175,2
RO-19780,35.0,29,18833.4355,1
RO-9780,4.0,9,3080.1059999999998,2
RP-19270,7.0,26,13725.5769,1
RP-19390,15.0,34,16114.907500000001,1
RP-19855,32.0,27,11043.0844,1
RP-9270,286.0,6,1274.352,2
RP-9390,677.0,7,5935.98,0
RP-9855,400.0,6,3569.139,0
RR-19315,62.0,21,11765.04038,1
RR-19525,0.0,27,15009.2866,1
RR-9315,232.0,4,1820.85,2
RR-9525,187.0,7,1376.91,2
RS-19420,76.0,28,14047.14948,1
RS-19765,36.0,25,13582.12128,1
RS-19870,77.0,20,7090.9567799999995,1
RS-9420,33.0,7,385.44,2
RS-9765,123.0,6,1524.1499999999999,2
RS-9870,499.0,8,1031.436,0
RW-19540,42.0,25,19423.6885,1
RW-19630,77.0,26,9425.9243,1
RW-19690,15.0,25,11200.142,1
RW-9540,100.0,7,5698.434,2
RW-9630,399.0,2,560.01,0
RW-9690,98.0,8,1398.996,2
SA-10830,10.0,10,872.676,2
SA-20830,63.0,30,15622.37866,1
SB-10170,343.0,5,1647.24,2
SB-10185,78.0,7,1268.436,2
SB-10290,191.0,5,1975.404,2
SB-20170,2.0,15,12950.934,1
SB-20185,74.0,31,21034.46172,1
SB-20290,41.0,22,18538.5328,1
SC-10020,407.0,4,476.334,0
SC-10050,42.0,7,2311.8540000000003,2
SC-10095,225.0,7,918.522,2
SC-10230,194.0,3,1793.907,2
SC-10260,315.0,7,3166.518,2
SC-10305,16.0,7,3207.18,2
SC-10380,275.0,4,1556.16,2
SC-10440,92.0,4,1929.081,2
SC-10575,373.0,2,328.02,0
SC-10680,189.0,4,6344.79,2
SC-10695,413.0,4,1468.8990000000001,0
SC-10725,138.0,7,2944.494,2
SC-10770,184.0,7,2033.208,2
SC-10845,282.0,4,1368.1200000000001,2
SC-20020,8.0,34,10579.47,1
SC-20050,40.0,30,16813.21902,1
SC-20095,75.0,28,25602.61,1
SC-20230,16.0,25,20333.868,1
SC-20260,0.0,26,9366.1924,1
SC-20305,63.0,26,17696.722,1
SC-20380,63.0,37,16122.72424,1
SC-20440,9.0,25,7677.43526,1
SC-20575,78.0,33,9685.4243,1
SC-20680,35.0,31,13477.05528,1
SC-20695,9.0,35,21931.0435,1
SC-20725,7.0,30,13975.42408,1
SC-20770,40.0,32,14495.11408,1
SC-20800,61.0,24,11321.2786,1
SC-20845,8.0,24,9898.62502,1
SD-10485,40.0,8,1157.3429999999998,2
SD-20485,15.0,32,16802.0649,1
SE-10110,78.0,3,613.71,2
SE-20110,9.0,36,29532.62502,1
SF-10065,229.0,8,3861.429,2
SF-10200,316.0,8,2633.3160000000003,2
SF-10965,377.0,6,2476.302,0
SF-20065,62.0,21,7395.746,1
SF-20200,5.0,28,13019.6294,1
SF-20965,48.0,17,6777.6808,2
SG-10080,369.0,6,1078.728,0
SG-10470,128.0,3,3086.67,2
SG-10605,436.0,6,2816.067,0
SG-10890,400.0,6,1424.778,0
SG-20080,3.0,17,10774.5034,1
SG-20470,106.0,28,10730.2773,1
SG-20605,75.0,32,10128.53856,1
SG-20890,16.0,22,11260.30386,1
SH-10395,63.0,4,129.03,2
SH-10635,158.0,4,658.98,2
SH-19975,64.0,29,10893.50994,1
SH-20395,39.0,33,12849.17384,1
SH-20635,32.0,25,13546.7458,1
SH-9975,64.0,8,8058.147,2
SJ-10125,743.0,9,2961.189,0
SJ-10215,337.0,9,1359.252,2
SJ-10500,944.0,3,454.06800000000004,0
SJ-20125,32.0,30,10562.092,1
SJ-20215,100.0,32,14709.69868,1
SJ-20500,253.0,26,12930.791,1
SK-19990,8.0,19,10932.97152,1
SK-9990,352.0,7,2358.858,2
SL-10155,166.0,14,2451.7799999999997,2
SL-20155,34.0,32,14380.691,1
SM-10005,104.0,8,6262.38,2
SM-10320,76.0,7,4045.638,2
SM-10905,132.0,5,1711.992,2
SM-10950,104.0,9,1336.308,2
SM-20005,221.0,22,6801.587500000001,1
SM-20320,73.0,21,31125.29496,1
SM-20905,37.0,17,6918.4824,2
SM-20950,33.0,29,11552.77814,1
SN-10560,13.0,6,1480.104,2
SN-10710,252.0,4,702.24,2
SN-20560,71.0,25,12738.710000000001,1
SN-20710,44.0,24,12703.94056,1
SO-10335,400.0,4,831.498,0
SO-20335,64.0,27,15534.94692,1
SP-10545,18.0,4,418.32,2
SP-10620,139.0,5,299.568,2
SP-10650,169.0,6,770.895,2
SP-10860,398.0,2,503.496,0
SP-10920,107.0,4,896.391,2
SP-20545,16.0,20,6801.1987,1
SP-20620,5.0,31,19113.6707,1
SP-20650,74.0,24,10377.86844,1
SP-20860,79.0,26,12994.59246,1
SP-20920,6.0,28,28124.21286,1
SR-10425,44.0,5,281.20799999999997,2
SR-10740,96.0,4,2154.12,2
SR-20425,8.0,19,12721.24894,1
SR-20740,62.0,33,17220.18,1
SS-10140,341.0,7,3491.6279999999997,2
SS-10410,131.0,10,2348.46,2
SS-10515,674.0,3,424.53,0
SS-10590,597.0,3,940.38,0
SS-10875,250.0,4,556.314,2
SS-20140,15.0,32,20138.603039999998,1
SS-20410,33.0,27,15759.48198,1
SS-20515,0.0,19,7480.62162,1
SS-20590,5.0,26,12181.4264,1
SS-20875,14.0,21,4772.1508,1
ST-10530,95.0,6,943.26,2
ST-20530,6.0,32,14064.01106,1
SU-10665,48.0,6,3331.134,2
SU-20665,4.0,23,7442.46,1
SV-10365,562.0,5,1256.472,0
SV-10785,75.0,7,2969.43,2
SV-10815,8.0,9,7728.912,2
SV-10935,11.0,3,487.746,2
SV-20365,101.0,31,22376.44748,1
SV-20785,124.0,27,14262.9351,1
SV-20815,34.0,24,14575.50118,1
SV-20935,0.0,28,15197.6927,1
SW-10245,496.0,4,1901.91,0
SW-10275,558.0,5,1480.578,0
SW-10350,100.0,9,1244.454,2
SW-10455,7.0,9,2205.252,2
SW-10755,43.0,7,2346.906,2
SW-20245,12.0,26,13576.68382,1
SW-20275,31.0,33,15564.966699999999,1
SW-20350,12.0,21,6923.24944,1
SW-20455,7.0,22,6038.0162,1
SW-20755,15.0,31,23321.579999999998,1
SZ-10035,956.0,4,1164.15,0
SZ-20035,13.0,37,15192.376,1
TA-11385,8.0,5,4819.95,2
TA-21385,18.0,25,35668.120800000004,1
TB-11055,856.0,3,2355.138,0
TB-11175,216.0,4,850.326,2
TB-11190,344.0,4,1115.3700000000001,2
TB-11250,1.0,15,7270.836,2
TB-11280,156.0,9,1574.322,2
TB-11355,14.0,8,438.162,2
TB-11400,154.0,9,3103.323,2
TB-11520,18.0,11,3991.5209999999997,2
TB-11595,162.0,4,752.0699999999999,2
TB-11625,398.0,5,1810.752,0
TB-21055,35.0,29,13671.71072,1
TB-21175,39.0,27,16573.5984,1
TB-21190,98.0,17,10686.47152,1
TB-21250,2.0,28,11830.0907,1
TB-21280,71.0,26,10127.01266,1
TB-21355,99.0,20,9205.113,1
TB-21400,47.0,26,21375.988,1
TB-21520,96.0,34,16716.76172,1
TB-21595,37.0,26,8437.989,1
TB-21625,41.0,31,13266.1971,1
TC-10980,47.0,8,3239.064,2
TC-11145,12.0,10,3799.926,2
TC-11295,12.0,5,730.908,2
TC-11475,408.0,9,1907.7540000000001,0
TC-11535,370.0,4,2214.9719999999998,0
TC-20980,127.0,28,34218.269,1
TC-21145,11.0,25,18419.94306,1
TC-21295,46.0,29,19391.8981,1
TC-21475,1.0,29,10722.52656,1
TC-21535,0.0,30,8888.0601,1
TD-10995,460.0,3,780.378,0
TD-20995,0.0,25,6924.1875,1
TG-11310,160.0,3,714.417,2
TG-11640,40.0,9,4906.533,2
TG-21310,14.0,32,12305.231600000001,1
TG-21640,5.0,33,13973.7773,1
TH-11100,253.0,4,1856.19,2
TH-11115,196.0,6,1870.17,2
TH-11235,230.0,10,3901.3469999999998,2
TH-11550,462.0,5,283.83,0
TH-21100,6.0,27,13684.8726,1
TH-21115,43.0,25,13483.62368,1
TH-21235,8.0,26,12896.252,1
TH-21550,5.0,26,12808.9063,1
TM-11010,590.0,3,300.666,0
TM-11490,102.0,8,2063.022,2
TM-21010,64.0,27,14158.9626,1
TM-21490,40.0,27,13908.8563,1
TN-11040,769.0,2,187.35,0
TN-21040,70.0,29,9410.26404,1
TP-11130,139.0,6,1261.449,2
TP-11415,641.0,4,1950.9479999999999,0
TP-11565,103.0,5,857.37,2
TP-21130,2.0,37,22697.57728,1
TP-21415,48.0,22,10926.72382,1
TP-21565,14.0,30,12429.8013,1
TR-11325,168.0,4,2395.716,2
TR-21325,1.0,22,10033.18706,1
TS-11085,219.0,8,1390.68,2
TS-11160,105.0,5,1130.07,2
TS-11205,307.0,3,641.646,2
TS-11340,40.0,5,1631.316,2
TS-11370,18.0,10,4573.584,2
TS-11430,834.0,7,5812.08,0
TS-11505,287.0,4,2123.946,2
TS-11610,380.0,5,2011.14,0
TS-11655,285.0,6,452.88,2
TS-21085,41.0,19,5395.2094,2
TS-21160,8.0,22,6805.942,1
TS-21205,63.0,32,13888.62492,1
TS-21340,8.0,31,16997.02948,1
TS-21370,36.0,27,23201.678,1
TS-21430,47.0,22,9532.9166,1
TS-21505,11.0,27,17613.4163,1
TS-21610,72.0,30,20565.95,1
TS-21655,99.0,24,9525.457199999999,1
TT-11070,37.0,2,1572.33,2
TT-11220,5.0,9,1826.4,2
TT-11265,94.0,9,5049.042,2
TT-11460,42.0,8,1649.784,2
TT-21070,14.0,31,15673.063900000001,1
TT-21220,37.0,22,13224.56416,1
TT-21265,1.0,20,4730.638,2
TT-21460,12.0,32,18432.013460000002,1
TW-11025,293.0,8,323.109,2
TW-21025,41.0,27,13931.8966,1
TZ-11445,368.0,7,745.14,0
TZ-11580,48.0,5,403.014,2
TZ-21445,8.0,28,14601.6714,1
TZ-21580,35.0,19,10455.5278,1
VB-11745,4.0,4,783.63,2
VB-21745,12.0,21,9961.05,1
VD-11670,0.0,9,1230.051,2
VD-21670,36.0,21,14754.8714,1
VF-11715,94.0,4,602.352,2
VF-21715,13.0,24,12000.133,1
VG-11790,160.0,4,386.172,2
VG-11805,135.0,4,1190.22,2
VG-21790,154.0,27,9908.6065,1
VG-21805,2.0,23,22573.37116,1
VM-11685,13.0,6,858.978,2
VM-11835,8.0,3,1270.4099999999999,2
VM-21685,32.0,32,13708.12232,1
VM-21835,314.0,20,2621.817,2
VP-11730,162.0,4,432.0,2
VP-11760,648.0,3,1615.662,0
VP-21730,40.0,29,11629.269,1
VP-21760,75.0,28,16935.5635,1
VS-11820,163.0,7,1136.214,2
VS-21820,138.0,15,10275.775,1
VT-11700,125.0,7,1271.442,2
VT-21700,7.0,25,18099.3061,1
VW-11775,7.0,5,1253.166,2
VW-21775,6.0,30,15785.3774,1
WB-21850,96.0,38,16704.6612,1
XP-11865,160.0,3,1011.798,2
XP-21865,43.0,27,11187.1526,1
YC-11895,99.0,4,166.299,2
YC-21895,4.0,27,19998.0786,1
YS-11880,4.0,6,1328.832,2
YS-21880,9.0,26,18703.606,1
ZC-11910,200.0,1,7.173,2
ZC-21910,3.0,37,28472.81926,1
ZD-11925,3.0,9,2951.226,2
ZD-21925,1.0,20,9479.3444,1
